Workbook

Sheet Наряд на РПО
E1: Проект АЭС «Эль-Дабаа» | H1: Наряд-допуск на производство работ повышенной опасности Permit to work for the execution of highly hazardous work
I4: Наряд-допуск №: Permit to work №:
A6: Наименование организации: Company Name: | G6: Филиал Общества с ограниченной ответственностью «Трест Росспецэнергомонтаж» Египет, г. Каир Branch office of "Trest RosSEM" LLC, Cairo, Egypt
A8: Дата выдачи: Issue date: | E8: =TODAY() -> 46316 | I8: Время выдачи: Issue time: | N8: 0.29166667 | S8: Количество дней действия Valid in days | Y8: 15
A10: Действителен до: Valid until: | E10: =E8+14 -> 46330 | I10: Время завершения: Completion time: | N10: 0.70833333
A12: 1 | B12: Руководитель работ (Ф.И.О.): Head of works (full name): | I12: Pavlov V.E. | P12: (подпись / signature) | S12: Должность: Position: | V12: Foreman
A14: 2 | B14: Ответственный исполнитель работ (Ф.И.О.): Responsible work executor (full name): | P14: (подпись / signature) | S14: Должность: Position:
A16: 3 | B16: Наряд-допуск согласован: The prmit to work has been approved: | J16: Специалист по ОТ HSE | N16: (Ф.И.О. / full name) | S16: (подпись / signature) | V16: Дата: Date: | X16: =E8 -> 46316
A18: 4 | B18: Описание работ: Description of the work: | H18: Ремонт дефектов поверхностей ЖК, бетонной смесью или ремонтным составом/Repair of LCD surface defects with concrete mixture or repair compound
B20: Место проведения работ: Place of work: | H20: 10UJA from elev. -0.100/ +6.800
A22: 5 | B22: Работы производятся в соответствии с: The work is carried out in accordance with: | K22: Технологический регламент ED.A.A&&&.&.&&&&&&.&&&&&&.012.KB.0001.R Ревизия С-02
K24: (указывается номер ОС ППР, ППР, ТК и т.д.) (the number of HC WEP, WEP, MS, etc. is indicated)
A26: 6 | B26: Приложения: Attachments:
B28: Процедуры Procedures | G28: Журнал анализа воздушной среды Log Book of Air Environment Analysis | L28: Инспекции площадки Site inspections | Q28: Акт выполнения выемки грунта Excavation certificate | V28: Акт оператора Operators certificate
B32: Оценка рисков Risk assessment | G32: План производства работ на высоте WEP for works at height | L32: Схемы / План Schematics / Plan | Q32: График производства совмещенных работ Access route cleared | V32: Запрос NPPA NPPA Request
B35: Акт электроизоляции (EIC.) Electrical Isolation Certificate (EIC.) | G35: Акт механической изоляции (MIC.) Mechanical Isolation Certificate (MIC.) | L35: Акты на грузоподъемные устройства Lifting tools certificates | Q35: Вход в замкнутое/ ограниченное пространство (Наряд № _______ ) Vessel/Confined Space Entry (PTW № _____ ) | V35: Связанный наряд на выполнение работ (Наряд № ___________ ) Linked work Permit (PTW № ___________ )
A41: 7 | B41: Вредные и опасные производственные факторы: Harmful and hazardous production factors:
B43: Воспламеняющиеся вещества Flammables substances | G43: Сосуды под давлением Preasure vessels | L43: Опасность над головой Hazard is overhead | Q43: Недостаточная освещенность Insufficient illumination | V43: Иное: Other:
B46: Нагретые поверхности, при соприкосновении с которыми можно получить ожог Heated surfaces that can lead to burns when contacting | G46: Подвижные части оборудования Moving parts of prodaction equipment | L46: Работа в ограниченном и замкнутом пространстве Working ia a enclosed and confined space | Q46: Воздействие шума Noise exposure | V46: Иное: Other:
B52: Взрывоопасные вещества Explosive substances | G52: Движущиеся машины и механизмы Moving machines and mechanisms | L52: Пар Steam | Q52: Работа на высоте Working at height | V52: Иное: Other:
B56: Недостаток кислорода Lack of oxygen | G56: Опасные химические вещества и жидкости Dangerous chemicals and liqids | L56: Дым / пыль Smoke / dust | Q56: Высокое/низкое давление High / Low pressure | V56: Иное: Other:
B61: Опасность поражения электрическим током Dangerous of electric shock | G61: Вибрация Vibrations | L61: Острые кромки, углы, торчащие штыри Sharp edges, corners, protruding pins | Q61: Высокая/низкая температура High / low temperature | V61: Иное: Other:
A66: 8 | B66: Оборудование и инструмент: Equipment and tools:
B68: Гидравлический подъемник/мобильная подъемная рабочая платформа Hydraulic lift/mobile lifting work platform | G68: Сварочное оборудование Welding equipment | L68: Световая мачта Light mast | Q68: Кран Crane | V68: Дорожный каток Road roller
B73: Строительные леса Scaffolding | G73: Уборочный инвентарь Cleaning equipment | L73: Прожектор Floodlight | Q73: Погрузчик Loader | V73: Виброплита Vibrating plate
B75: Лестницы Ladders | G75: Бетононасос Concrete pump | L75: Бензоинструмент Gasoline-powered tools | Q75: Грейдер Grader | V75: Иное: Other:
B77: Станочное оборудование Machine tools | G77: Глубинный вибратор/ виброрейка Deep vibrator/ vibration rack | L77: Тепловая пушка Heat gun | Q77: Бульдозер Bulldozer | V77: Иное: Other:
B81: Ручной электрический инструмент Hand-held electric tool | G81: Инструмент для работы с бетоном Tool for concrete works | L81: Горелка Burner | Q81: Экскаватор Excavator | V81: Иное: Other:
B85: Ручной инструмент Hand tool | G85: Воздушный компрессор Air compressor | L85: Баллон со сжатым газом Compressed gas cylinder | Q85: Самосвал Dump truck | V85: Иное: Other:
A88: 9 | B88: СИЗ, меры безопасности: PPE, safety measures:
B90: СИЗ (5М) PPE (5M) | G90: Химически стойкие перчатки/перчатки покрытые ПВХ Chemically resistant gloves/PVC coated gloves | L90: Проверка лестницы Ladder check | Q90: Блокировка и маркировка Interlocking and labeling | V90: Связь Communication
B95: Страховочная привязь Safety harness | G95: Одноразовый комбинезон Disposable coveralls | L95: Сброс давления Pressure relief | Q95: Знаки безопасности Safty signs | V95: Измерения воздушной среды Measurements of the air environment
B98: Анкерная линия Г/В Anchor line G/V | G98: Искробезопасный/особый инструмент Intrisically safe/special tool | L98: Газоотвод Vent | Q98: Ограждение Fence | V98: Перекрытие дорог Road closures
B101: Пылезащитная маска/противогаз Dust mask/Gas mask | G101: Защита от искр Protection against sparks | L101: Достаточная вентиляция Adequate ventilation | Q101: Предохранительные сетки Safety nets | V101: Акты технического осмотра Technical inspection certificates
B104: Лицевой щиток Face shield | G104: Огнетушители Fire extinguishers | L104: Достаточное освещение Sufficient lighting | Q104: Безопасный доступ/вход Secure access/entrance | V104: Наблюдающий Supervisor
B107: Беруши/наушники Earplugs/headphones | G107: Аптечка первой медицинской помощи First aid kit | L107: Страхующий Helper | Q107: Аварийный доступ/выход Emergency access/exit | V107: Иное: Other:
B110: Антивибрационные перчатки Anti-vibration gloves | G110: Проверка лесов Scaffolding check | L110: Определение подземных коммуникаций Underground utilities detection | Q110: Проверка рабочего места Workplace check | V110: Иное: Other:
A114: Системы обеспечения безопасности работ на высоте: Safety systems for work at height: | L114: Состав системы: Composition of the system:
A116: FALSE | B116: Удерживающие системы Retention systems | L116: =IF(A116,"удерживающая привязь, соединительный элемент (карабин), анкерная точка крепления, строп регулируемой длины retaining harness, connecting element (carabiner), anchor point, adjustable length lanyard","-") -> -
A119: FALSE | B119: Системы позиционирования Positioning systems | L119: =IF(A119,"страховочная привязь с поясным ремнем, строп регулируемой длины для позиционирования, строп с амортизатором Safety harness with waist belt, adjustable length positioning lanyard, shock absorber lanyard","-") -> -
A122: TRUE | B122: Страховочные системы Safety systems | L122: =IF(A122," Привязь страховочная с интегрированным поясом vst 038, vnt 425. Строп веревочной одинарный регулируемый vnt K12 p .Средство зашиты втягивающего типа BLK9, vnt HB02 0051.Строп для задерживания и позиционирования двойной фиксированной длины HS-R22.","-") -> Привязь страховочная с интегрированным поясом vst 038, vnt 425. Строп веревочной одинарный регулируемый vnt K12 p .Средство зашиты втягивающего типа BLK9, vnt HB02 0051.Строп для задерживания и позиционирования двойной фиксированной длины HS-R22.
B125: Эвакуационные и спасательные системы Evacuation and rescue systems | L125: Эвакуационная система "Сапсан"
A128: 10 | B128: Состав бригады: The composition of the work team:
A130: № п/п Item no. | B130: Фамилия, имя, отчество (при его наличии) Last name, first name, patronymic (if any) | J130: Профессия (должность), квалификационный разряд Profession (position), qualification category | Q130: С условиями работ ознакомил, целевой инструктаж по охране труда провел (должность, фамилия, инициалы, подпись) I familiarized with the working conditions, conducted a targeted briefing on occupational health and safety (position, surname, initials, signature) | V130: С условиями работ ознакомлен, целевой инструктаж по охране труда получил (подпись работающих – исполнителей работ) I have got familiarized with the working conditions, I have received a targeted briefing on occupational health and safety (signed by the workers - work executors)
A139: 1
A141: 2
A143: 3
A145: 4
A147: 5
A149: 6
A151: 7
A153: 8
A155: 9
A157: 10
A159: 11
A161: 12
... A207: 35
A209: 10.1. | B209: Отдельные указания: Specific instructions: Ответственному исполнителю работ осуществлять: The person in charge of the work must ensure: - непрерывный надзор за безопасным выполнением работ на высоте, а также других работ повышенной опасности, выполняемых по данному наряду-допуску; - continuous supervision of the safe performance of work at height, as well as other high-risk work carried out under this work permit; - постоянный контроль правильного применения работниками средств индивидуальной и коллективной защиты от падения с высоты; - constantly monitor the correct use by workers of personal and collective protective equipment against falls from height; - запрещено покидать рабочее место (при острой необходимости покинуть рабочее место – вызвать ответственного руководителя работ. Если ответственный руководитель работ не может прибыть, то необходимо вывести всех членов с рабочего места). - it is forbidden to leave the work site (if it is absolutely necessary to leave the work site, call the site supervisor. If the site supervisor cannot attend, all personnel must be evacuated from the work site).
A210: Подпись выдающего наряд-допуск: Signature of the person issuing the work permit: | N210: Подпись ответственного исполнителя: Signature of the person responsible:
A211: 11 | B211: Наряд-допуск выдал: The permit to work was issued by:
A213: Должность: Position: | D213: Temporary the head of the site | H213: Ф.И.О.: Full name: | K213: Alferov A.V. | P213: Подпись: Signature: | V213: Дата: Date: | X213: ='Наряд на РПО'!E8 -> 46316
A215: 12 | B215: Наряд-допуск принял: The permit to work has been accepted:
A217: Должность: Position: | D217: ='Наряд на РПО'!V12 -> Foreman | H217: Ф.И.О.: Full name: | K217: ='Наряд на РПО'!I12 -> Pavlov V.E. | P217: Подпись: Signature: | V217: Дата: Date: | X217: ='Наряд на РПО'!E8 -> 46316
A219: 13 | B219: Рабочее место и условия труда проверены. Мероприятия по безопасности производства работ, указанные в наряде-допуске, выполнены. The workplace and working conditions have been checked. The work safety measures specified in the permit work have been completed.
A222: Разрешаю приступить к выполнению работ: I allow you to start the work:
A224: Должность: Position: | D224: ='Наряд на РПО'!V12 -> Foreman | H224: Ф.И.О.: Full name: | K224: ='Наряд на РПО'!I12 -> Pavlov V.E. | P224: Подпись: Signature: | V224: Дата: Date: | X224: ='Наряд на РПО'!E8 -> 46316
A226: 14 | B226: Производство совмещенных работ: Production of combined works: | K226: допускающий к работе – от организации/подразделения, ответственного за помещение/территорию the person authorising the work – from the organization/division of the responsible of the premises/territory
A228: Рабочее место и условия труда проверены. Мероприятия по безопасности производства работ, указанные в наряде-допуске, выполнены. The workplace and working conditions have been checked. The work safety measures specified in the permit work have been completed.
A230: Разрешаю приступить к выполнению работ: I authorise to start work:
A232: Должность: Position: | H232: Ф.И.О.: Full name: | P232: Подпись: Signature: | V232: Дата: Date:
A235: 15 | B235: Изменения в составе бригады: Changes in the composition of the work team: | L235: Допускаестя изменение состава бригады не более 50% от первоначального, укахзанного в п.11 The composition of the team may be changed by no more than 50% of the original, as specified in p.11
A237: № п/п Item no. | B237: Введен в состав бригады (фамилия, имя, отчество, профессия (должность), квалификационный разряд Was inducted into the work team (surname, first name, patronymic (if any), profession (position), qualification category) | G237: Выведен из состава бригады (фамилия, имя, отчество, профессия (должность), квалификационный разряд Withdrawn from the work team (surname, first name, patronymic (if any), profession (position), qualification category) | M237: Дата, время Date, time | P237: Руководитель работ (подпись) Work manager (signature) | S237: С условиями работ ознакомил, целевой инструктаж по охране труда провел (должность, фамилия, инициалы, подпись) I familiarized with the working conditions, conducted a targeted briefing on occupational health and safety (position, surname, initials, signature) | W237: С условиями работ ознакомлен, целевой инструктаж по охране труда получил (подпись работающих – исполнителей работ) I have got familiarized with the working conditions, I have received a targeted briefing on occupational health and safety (signed by the workers - work executors)
A248: 1
A250: 2
A252: 3
A254: 4
A256: 5
A258: 6
A260: 7
A262: 8
A264: 9
A266: 10
A268: 11
A270: 12
... A280: 17
A283: 16* | C283: -Работа выполнена в полном объеме. Рабочее место очищено от остатков материала, инструмента, приспособлений. Работники выведены. Наряд-допуск закрыт. -Выявлены новые опасности. Работники выведены. Наряд-допуск закрыт.
A287: Руководитель работ: | J287: ='Наряд на РПО'!V12 -> Foreman | O287: ='Наряд на РПО'!I12 -> Pavlov V.E.
J289: (должность, фамилия, имя, отчество (если таковое имеется), личная подпись, дата)
A290: Лицо выдавшее наряд-допуск The person who issued the permit to work | J290: ='Наряд на РПО'!D213 -> Temporary the head of the site | O290: ='Наряд на РПО'!K213 -> Alferov A.V.
J292: (должность, фамилия, имя, отчество (если таковое имеется), личная подпись, дата)
A293: Допускающий
J295: (должность, фамилия, имя, отчество (если таковое имеется), личная подпись, дата)
A296: * - Нужное подчеркнуть

Sheet + обязательно Допуск
G1: Динамическая оценка профессиональных рисков. Ежедневный допуск к работе Daily work permit | V1: Наряд № PTW №
A4: Дата Date | D4: Место проведения работ Place of work | G4: Проведена динамическая оценка профессиональных рисков A dynamic assessment of professional risks was carried out | L4: Бригада получила целевой инструктаж и допущена на подготовленное рабочее место The team received target training and was admitted to the prepared workplace | V4: Работа закончена, бригада выведена с места проведения работ. The work has been completed, the team has withdrawn from the place of work
L10: Ответственный руководитель работ Head of works | Q10: Ответственный исполнитель работ Responsible work executor | V10: Ответственный исполнитель работ Responsible work executor
G13: Время Time | I13: Подпись Signature | L13: Время Time | N13: ` | Q13: Время Time | S13: Подпись Signature | V13: Время Time | X13: Подпись Signature
A15: ='Наряд на РПО'!E8 -> 46316 | D15: ='Наряд на РПО'!H20 -> 10UJA from elev. -0.100/ +6.800 | G15: ='Наряд на РПО'!N8 -> 0.29166667 | L15: ='Наряд на РПО'!N8 -> 0.29166667 | Q15: ='Наряд на РПО'!N8 -> 0.29166667 | V15: 0.6875
G16: 0.54166667
A17: =A15+1 -> 46317 | D17: ='Наряд на РПО'!H20 -> 10UJA from elev. -0.100/ +6.800 | G17: =G15 -> 0.29166667 | L17: =$L$15 -> 0.29166667 | Q17: =Q15 -> 0.29166667 | V17: 0.6875
G18: =G16 -> 0.54166667
A19: =A17+1 -> 46318 | D19: ='Наряд на РПО'!H20 -> 10UJA from elev. -0.100/ +6.800 | G19: =G17 -> 0.29166667 | L19: =$L$15 -> 0.29166667 | Q19: =Q17 -> 0.29166667 | V19: 0.6875
G20: =G18 -> 0.54166667
A21: =A19+1 -> 46319 | D21: ='Наряд на РПО'!H20 -> 10UJA from elev. -0.100/ +6.800 | G21: =G19 -> 0.29166667 | L21: =$L$15 -> 0.29166667 | Q21: =Q19 -> 0.29166667 | V21: 0.6875
G22: =G20 -> 0.54166667
A23: =A21+1 -> 46320 | D23: ='Наряд на РПО'!H20 -> 10UJA from elev. -0.100/ +6.800 | G23: =G21 -> 0.29166667 | L23: =$L$15 -> 0.29166667 | Q23: =Q21 -> 0.29166667 | V23: 0.6875
G24: =G22 -> 0.54166667
A25: =A23+1 -> 46321 | D25: ='Наряд на РПО'!H20 -> 10UJA from elev. -0.100/ +6.800 | G25: =G23 -> 0.29166667 | L25: =$L$15 -> 0.29166667 | Q25: =Q23 -> 0.29166667 | V25: 0.6875
G26: =G24 -> 0.54166667
A27: =A25+1 -> 46322 | D27: ='Наряд на РПО'!H20 -> 10UJA from elev. -0.100/ +6.800 | G27: =G25 -> 0.29166667 | L27: =$L$15 -> 0.29166667 | Q27: =Q25 -> 0.29166667 | V27: 0.6875
G28: =G26 -> 0.54166667
A29: =A27+1 -> 46323 | D29: ='Наряд на РПО'!H20 -> 10UJA from elev. -0.100/ +6.800 | G29: =G27 -> 0.29166667 | L29: =$L$15 -> 0.29166667 | Q29: =Q27 -> 0.29166667 | V29: 0.6875
G30: =G28 -> 0.54166667
A31: =A29+1 -> 46324 | D31: ='Наряд на РПО'!H20 -> 10UJA from elev. -0.100/ +6.800 | G31: =G29 -> 0.29166667 | L31: =$L$15 -> 0.29166667 | Q31: =Q29 -> 0.29166667 | V31: 0.6875
G32: =G30 -> 0.54166667
A33: =A31+1 -> 46325 | D33: ='Наряд на РПО'!H20 -> 10UJA from elev. -0.100/ +6.800 | G33: =G31 -> 0.29166667 | L33: =$L$15 -> 0.29166667 | Q33: =Q31 -> 0.29166667 | V33: 0.6875
G34: =G32 -> 0.54166667
A35: =A33+1 -> 46326 | D35: ='Наряд на РПО'!H20 -> 10UJA from elev. -0.100/ +6.800 | G35: =G33 -> 0.29166667 | L35: =$L$15 -> 0.29166667 | Q35: =Q33 -> 0.29166667 | V35: 0.6875
G36: =G34 -> 0.54166667
A37: =A35+1 -> 46327 | D37: ='Наряд на РПО'!H20 -> 10UJA from elev. -0.100/ +6.800 | G37: =G35 -> 0.29166667 | L37: =$L$15 -> 0.29166667 | Q37: =Q35 -> 0.29166667 | V37: 0.6875
G38: =G36 -> 0.54166667
A39: =A37+1 -> 46328 | D39: ='Наряд на РПО'!H20 -> 10UJA from elev. -0.100/ +6.800 | G39: =G37 -> 0.29166667 | L39: =$L$15 -> 0.29166667 | Q39: =Q37 -> 0.29166667 | V39: 0.6875
G40: =G38 -> 0.54166667
A41: =A39+1 -> 46329 | D41: ='Наряд на РПО'!H20 -> 10UJA from elev. -0.100/ +6.800 | G41: =G39 -> 0.29166667 | L41: =$L$15 -> 0.29166667 | Q41: =Q39 -> 0.29166667 | V41: 0.6875
G42: =G40 -> 0.54166667
A43: =A41+1 -> 46330 | D43: ='Наряд на РПО'!H20 -> 10UJA from elev. -0.100/ +6.800 | G43: =G41 -> 0.29166667 | L43: =$L$15 -> 0.29166667 | Q43: =Q41 -> 0.29166667 | V43: 0.6875
G44: =G42 -> 0.54166667

Sheet + обязательно инструктаж
G1: Лист ознакомления с инструктажем перед началом работ (TBT) | T1: Наряд № PTW №
A3: Наименование организации: Contractor: | I3: ='Наряд на РПО'!G6 -> Филиал Общества с ограниченной ответственностью «Трест Росспецэнергомонтаж» Египет, г. Каир Branch office of "Trest RosSEM" LLC, Cairo, Egypt
A5: Место проведения работ: Work location: | G5: ='Наряд на РПО'!H20 -> 10UJA from elev. -0.100/ +6.800
A7: Наряд-допуск №: Work Permit №: | N7: Дата: Date: | U7: ='Наряд на РПО'!E8 -> 46316
A9: Наименование работ: Name of works: | G9: ='Наряд на РПО'!H18 -> Ремонт дефектов поверхностей ЖК, бетонной смесью или ремонтным составом/Repair of LCD surface defects with concrete mixture or repair compound
A11: Риски, связанные с проведением работ, меры безопасности, требования к СИЗ: Risks associated with work, safety measures, requirements for PPE:
A13: Риски: Risks: | D13: Ремонт дефектов поверхностей ЖК, бетоной смесью или ремонтным составом монтаж демонтаж лесов туры.Резка металла,бетона УШМ, шлифовка металла и бетона.
A15: Меры безопасности: Safety Precautions: | G15: Страховочная привязь, Лицевой щиток, Беруши/наушники, Защита от искр, Огнетушители, Аптечка первой медицинской помощи, Проверка лесов,туры. Проверка лестницы, Достаточное освещение, Знаки безопасности, Ограждение, Безопасный доступ/вход, Аварийный доступ/выход, Проверка рабочего места, Наблюдающий. Связь.Safety Harness, Face shield, Ear Plugs / Muffs, Spark protection, Fire extinguishers, First aid kit, Scaffold Checked, Stairs checked, Adequate Lighting, Caution Boards Displayed, Guardrails, Safe Access/Ingress, Emergency Access/Egress, Workplace checked, Supervision. Communications.
A17: Требования к СИЗ: Rrequirements for PPE: | G17: Целостность, годность к использованию согласно паспорта
A19: Тема собрания (заранее определена или с учетом условий, применяемого оборудования): Topic of the meeting (pre-determined or taking into account the conditions and equipment used):
A21: Целевой инструктаж перед началом работ с учетом условий выполняемых работ и применяемого оборудования Targeted briefing before starting work, taking into account the conditions of the work being performed and the equipment used
A23: Подписи работников Signatures of workers
A25: (Внимание: Ваша подпись означает, что Вы ознакомлены с соответствующими рисками, связанными с проведением работ, мерами безопасности и требованиями к СИЗ, подтверждаете их соблюдение) (Attention: Your signature means that you are familiar with the relevant risks associated with the work, safety measures and PPE requirements, and confirm their compliance)
A28: № п/п | B28: Наименование организации: Contractor: | E28: Ф.И.О. Full name | L28: Подпись Signature | N28: № п/п | O28: Наименование организации: Contractor: | R28: Ф.И.О. Full name | Y28: Подпись Signature
A30: 1 | B30: Trest RosSEM | N30: 19 | O30: Trest RosSEM
A31: 2 | B31: Trest RosSEM | N31: 20 | O31: Trest RosSEM
A32: 3 | B32: Trest RosSEM | N32: 21 | O32: Trest RosSEM
A33: 4 | B33: Trest RosSEM | N33: 22 | O33: Trest RosSEM
A34: 5 | B34: Trest RosSEM | N34: 23 | O34: Trest RosSEM
A35: 6 | B35: Trest RosSEM | N35: 24 | O35: Trest RosSEM
A36: 7 | B36: Trest RosSEM | N36: 25 | O36: Trest RosSEM
A37: 8 | B37: Trest RosSEM | N37: 26 | O37: Trest RosSEM
A38: 9 | B38: Trest RosSEM | N38: 27 | O38: Trest RosSEM
A39: 10 | B39: Trest RosSEM | N39: 28 | O39: Trest RosSEM
A40: 11 | B40: Trest RosSEM | N40: 29 | O40: Trest RosSEM
A41: 12 | B41: Trest RosSEM | N41: 30 | O41: Trest RosSEM
... A47: 18 | B47: Trest RosSEM | N47: 36 | O47: Trest RosSEM
A48: Организатор собрания: Meeting organizer: | G48: ='Наряд на РПО'!V12 -> Foreman | M48: ='Наряд на РПО'!I12 -> Pavlov V.E.
G50: (должность/position) | M50: (Ф.И.О./full name) | U50: (подпись/personal signature)
G51: Лист ознакомления с инструктажем перед началом работ (TBT) | T51: Наряд № PTW №
A53: Наименование организации: Contractor: | I53: ='Наряд на РПО'!G56 -> Опасные химические вещества и жидкости Dangerous chemicals and liqids
A55: Место проведения работ: Work location: | G55: ='Наряд на РПО'!H20 -> 10UJA from elev. -0.100/ +6.800
A57: Наряд-допуск №: Work Permit №: | N57: Дата: Date: | U57: ='Наряд на РПО'!E8 -> 46316
A59: Наименование работ: Name of works: | G59: ='Наряд на РПО'!H18 -> Ремонт дефектов поверхностей ЖК, бетонной смесью или ремонтным составом/Repair of LCD surface defects with concrete mixture or repair compound
A61: Риски, связанные с проведением работ, меры безопасности, требования к СИЗ: Risks associated with work, safety measures, requirements for PPE:
A63: Риски: Risks: | D63: Ремонт дефектов поверхностей ЖК, бетоной смесью или ремонтным составом монтаж демонтаж лесов туры.Резка металла,бетона УШМ, шлифовка металла и бетона.
A65: Меры безопасности: Safety Precautions: | G65: Страховочная привязь, Лицевой щиток, Беруши/наушники, Защита от искр, Огнетушители, Аптечка первой медицинской помощи, Проверка лесов,туры. Проверка лестницы, Достаточное освещение, Знаки безопасности, Ограждение, Безопасный доступ/вход, Аварийный доступ/выход, Проверка рабочего места, Наблюдающий. Связь.Safety Harness, Face shield, Ear Plugs / Muffs, Spark protection, Fire extinguishers, First aid kit, Scaffold Checked, Stairs checked, Adequate Lighting, Caution Boards Displayed, Guardrails, Safe Access/Ingress, Emergency Access/Egress, Workplace checked, Supervision. Communications.
A67: Требования к СИЗ: Rrequirements for PPE: | G67: Целостность, годность к использованию согласно паспорта
A69: Тема собрания (заранее определена или с учетом условий, применяемого оборудования): Topic of the meeting (pre-determined or taking into account the conditions and equipment used):
A71: Целевой инструктаж перед началом работ с учетом условий выполняемых работ и применяемого оборудования Targeted briefing before starting work, taking into account the conditions of the work being performed and the equipment used
A73: Подписи работников Signatures of workers
A75: (Внимание: Ваша подпись означает, что Вы ознакомлены с соответствующими рисками, связанными с проведением работ, мерами безопасности и требованиями к СИЗ, подтверждаете их соблюдение) (Attention: Your signature means that you are familiar with the relevant risks associated with the work, safety measures and PPE requirements, and confirm their compliance)
A78: № п/п | B78: Наименование организации: Contractor: | E78: Ф.И.О. Full name | L78: Подпись Signature | N78: № п/п | O78: Наименование организации: Contractor: | R78: Ф.И.О. Full name | Y78: Подпись Signature
A80: 1 | B80: Trest RosSEM | N80: 19 | O80: Trest RosSEM
A81: 2 | B81: Trest RosSEM | N81: 20 | O81: Trest RosSEM
A82: 3 | B82: Trest RosSEM | N82: 21 | O82: Trest RosSEM
A83: 4 | B83: Trest RosSEM | N83: 22 | O83: Trest RosSEM
A84: 5 | B84: Trest RosSEM | N84: 23 | O84: Trest RosSEM
A85: 6 | B85: Trest RosSEM | N85: 24 | O85: Trest RosSEM
A86: 7 | B86: Trest RosSEM | N86: 25 | O86: Trest RosSEM
A87: 8 | B87: Trest RosSEM | N87: 26 | O87: Trest RosSEM
A88: 9 | B88: Trest RosSEM | N88: 27 | O88: Trest RosSEM
A89: 10 | B89: Trest RosSEM | N89: 28 | O89: Trest RosSEM
A90: 11 | B90: Trest RosSEM | N90: 29 | O90: Trest RosSEM
A91: 12 | B91: Trest RosSEM | N91: 30 | O91: Trest RosSEM
... A97: 18 | B97: Trest RosSEM | N97: 36 | O97: Trest RosSEM
A98: Организатор собрания: Meeting organizer: | G98: ='Наряд на РПО'!V12 -> Foreman | M98: ='Наряд на РПО'!I12 -> Pavlov V.E.
G100: (должность/position) | M100: (Ф.И.О./full name) | U100: (подпись/personal signature)

Sheet ППРВ
O1: УТВЕРЖДАЮ APPROVED BY
O3: ='Наряд на РПО'!D213 -> Temporary the head of the site
O5: (должность/posoition)
T6: ='Наряд на РПО'!K213 -> Alferov A.V.
O8: (подпись/signature) | T8: (Ф.И.О./full name)
U9: ='Наряд на РПО'!E8 -> 46316
U11: (дата/date)
A12: ПЛАН ПРОИЗВОДСТВА РАБОТ НА ВЫСОТЕ WORK AT HEIGHTS METHOD STATEMENT
I15: к наряду(ам) - допуску(ам) № to permit(s)-to-work № | R15: -
A17: (Основание: п. 36 «Правил по охране труда при работе на высоте, утв. Минтруда РФ от16.11.2020 N 782н») (Grounds: clause. 36 of “Job safety rules by work at heights, approved by Minister of Labor of the RF No.782n” dated 16.11.2020)
A19: 1. | B19: Выполняемые работы: Works performed: | H19: ='Наряд на РПО'!H18 -> Ремонт дефектов поверхностей ЖК, бетонной смесью или ремонтным составом/Repair of LCD surface defects with concrete mixture or repair compound
A21: 2. | B21: Место выполнения работ: Work site: | I21: ='Наряд на РПО'!H20 -> 10UJA from elev. -0.100/ +6.800
A23: 3. | B23: Группы по безопасности при работах на высоте: Work at heights safety groups:
A25: Ответственный руководитель работ Responsible head of works | J25: Ответственный исполнитель (производитель) работ Responsible work executor (producer) | U25: Член бригады Member of the team
A27: 3 группа | J27: 2 группа | U27: 1 или 2 группа
A29: Наличие у работника удостоверения о допуске к работам на высоте на рабочем месте обязательно!
A33: 4. | B33: Системы обеспечения безопасности работ на высоте: Work at heights safety systems:
A35: Наименование системы System denomination (отметить исходя из конкретных условий) (to be marked basing on particular circumstances) | H35: Состав (элементы) системы System composition (elements) (отметить выбор исходя из конкретных условий работ, при необходимости внести дополнительные элементы) (to be marked basing on particular circumstances of works, additional elements to be entered if necessary) | W35: Потребность (кол-во, шт.) Replenishment (quantity, pcs.)
B40: Удерживающие системы Restraint systems | I40: Страховочная привязь (огнестойкая) Safety harness (fire-resistant)
I42: Строп удерживающий, регулируемый (огнестойкий), с соединительными элементами (карабинами) Adjustable lanyard (fire-resistant) with fasteners (snap hooks)
I45: Анкерная точка крепления или анкерная линия Anchor point or anchor line
I47: Анкерное устройство или структурный анкер Anchoring system or structural anchor
I49: Дополнительно: Additionally:
B51: Системы позиционирования Positioning systems | I51: Страховочная привязь (огнестойкая) Safety harness (fire-resistant)
I53: На любой высоте - инерционное блокирующее устройство втягивающего типа At any height - self-retracting lanyard
I56: На высоте до 6,0 метров - двуплечевое блокирующее устройство втягивающего типа At heights below 6.0 meters - two-arm self-retracting lifeline
I59: На высоте от 6,0 метров - строп страховочный двуплечевой, регулируемый (огнестойкий), с амортизатором и соединительными элементами (карабинами) At heights over 6.0 meters - two-arm adjustable lanyard (fire-resistant) with shock-absorber and fasteners (snap hooks)
I63: Строп для позиционирования регулируемый (огнестойкий) Adjustable lanyard (fire-resistant) for positioning
I65: Дополнительно: Additionally:
B67: Страховочные системы Fall arrest systems | I67: Страховочная привязь (огнестойкая) Safety harness (fire-resistant)
I69: На любой высоте - инерционное блокирующее устройство втягивающего типа с соединительными элементами (карабинами) At any height - self-retracting lanyard with fasteners (snap hooks)
I72: На высоте до 6,0 метров - двуплечевое блокирующее устройство втягивающего типа с соединительными элементами (карабинами) At heights below 6.0 meters - two-arm self-retracting lifeline with fasteners (snap hooks)
I76: На высоте от 6,0 метров - строп страховочный двуплечевой, регулируемый (огнестойкий), с амортизатором и соединительными элементами (карабинами) At heights over 6.0 meters - two-arm adjustable lanyard (fire-resistant) with shock-absorber and fasteners (snap hooks)
I81: Анкерная точка крепления или анкерная линия Anchor point or anchor line
I83: Анкерное устройство (петля) или структурный анкер Anchoring system (loop) or structural anchor
I85: Дополнительно: Additionally:
B87: Эвакуационные и спасательные системы Evacuation and rescue systems | I87: Страховочная привязь (огнестойкая) Safety harness (fire-resistant) | W87: 1
I89: Анкерная точка крепления или анкерная линия Anchor point or anchor line
I91: Средство защиты втягивающего типа со встроенным спасательным подъемным устройством Self-retracting safety device with built-in rescue lifting gear | W91: 1
A95: 5. | B95: Первоочередное устройство постоянных ограждающих конструкций: Primary arrangement of permanent safety barriers: | N95: Под местом производства работ на высоте в обязательном порядке устанавливать защитные улавливающие сетки, защитные экраны, козырьки и другие ограждающие конструкции предотвращающие падение предметов с высоты на ниже расположенные места производства работ и отметки. It is mandatory to install safety nets, protective screens, canopies and other protective structures at the site of work at height to prevent objects from falling from a height onto work areas and levels situated below.
A99: 6. | B99: Временные ограждающие устройства: Temporary safety barriers: | N99: Сигнальное ограждение, знаки безопасности Warning barriers, safety signs
A102: 7. | B102: Используемые средства подмащивания (лестницы, стремянки, настилы, туры, леса): Scaffolds involved (staircases, ladders, walkways, rolling towers, trestlework): | N102: Площадки навешиваемые на строительные конструкции, строительные леса PSK-CUP Platforms mounted on building structures, PSK-CUP scaffolding
A106: 8. | B106: Используемые грузоподъемные механизмы, люльки, подъемников (вышек): Load lifting mechanisms, safety cradles of elevators (towers) involved: | N106: Башенные краны БК 2.1; БК 2.5, Опалубочные захваты, стропы, перемещаемая тара Tower cranes BK 2.1; BK 2.5, Formwork clamps, slings, reusable containers
A110: 9. | B110: Перечень СИЗ: List of PPE: | N110: Спецодежда, защитные каски, очки защитные, лицевые щитки, защитные перчатки, спецобувь, беруши, сигнальные жилеты Workwear, safety helmets, safety goggles, face shields, safety gloves, safety footwear, earplugs, high-visibility vests
A113: 10. | B113: Пути и средства подъема или спуска к местам производства работ: Ways and means of ascending and descending to work sites: | N113: Маршевые лестницы, приставные лестницы, переходные мостики с защитными ограждениями, средства подмащивания Folding ladders, extension ladders, walkways with safety railings, shoring equipment
A117: 11. | B117: Средства освещения, сигнализации и связи: Means of lighting, alarm and communication: | N117: Переносные светильники, рация, мобильный телефон Portable lamps, walkie-talkies, mobile phones
A120: 12. | B120: Технические средства безопасности и первичных средств пожаротушения: Technical safety means and primary firefighting means: | N120: Огнетушители ОП-6 (из расчета 2шт на рабочее место) OP-6 fire extinguishers (two per workstation)
A124: 13. | B124: Требования по санитарно-бытовому обслуживанию работников: Requirements to health care and personal services for employees: | N124: Питьевые точки Drinking fountains
A128: 14. | B128: Места и способы крепления систем обеспечения безопасности на высоте (графические изображения (эскизы) крепления элементов систем) Places and methods for work at heights safety systems attachment (graphic images (sketches) of systems elements attachment)
N132: Предпочтительным является выбор места анкерного устройства над головой работающего, то есть выше точки прикрепления соединительных элементов страховочной системы к его привязи. В этом случае фактор падения равен нулю.

Sheet ПСЭР
O1: УТВЕРЖДАЮ APPROVED BY
O4: ='Наряд на РПО'!D213 -> Temporary the head of the site
O6: (должность/posoition)
T7: ='Наряд на РПО'!K213 -> Alferov A.V.
O9: (подпись/signature) | T9: (Ф.И.О./full name)
U10: ='Наряд на РПО'!E8 -> 46316
U12: (дата/date)
A13: ПЛАН ПО СПАСЕНИЮ И ЭВАКУАЦИИ РАБОТНИКОВ ПРИ ПРОИЗВОДСТВЕ РАБОТ НА ВЫСОТЕ A PLAN FOR THE RESCUE AND EVACUATION OF WORKERS DURING WORK AT A HEIGHT
I19: к наряду - допуску № to permit-to-work № | R19: -
A21: (Основание: п. 35 «Правил по охране труда при работе на высоте, утв. Минтруда РФ от16.11.2020 N 782н») (Grounds: clause. 35 of “Job safety rules by work at heights, approved by Minister of Labor of the RF No.782n” dated 16.11.2020)
A23: 1. | B23: Выполняемые работы: Works performed: | H23: ='Наряд на РПО'!H18 -> Ремонт дефектов поверхностей ЖК, бетонной смесью или ремонтным составом/Repair of LCD surface defects with concrete mixture or repair compound
A25: 2. | B25: Место выполнения работ: Work site: | I25: ='Наряд на РПО'!H20 -> 10UJA from elev. -0.100/ +6.800
A27: 3. | B27: Группы по безопасности при работах на высоте: Work at heights safety groups:
A29: Ответственный руководитель работ Responsible head of works | J29: Ответственный исполнитель (производитель) работ Responsible work executor (producer) | U29: Член бригады Member of the team
A31: 3 группа | J31: 2 группа | U31: 1 или 2 группа
A34: Опыт непосредственного выполнения работ на высоте: Experience of direct performance of work at height: | N34: Не менее одного года
A36: Требования к ключевым навыкам: Key skill requirements: | N36: 1. Навык проведения спасательных мероприятий The skill of conducting rescue operations 2. Навык организации безопасной транспортировки пострадавшего The skill of organizing the safe transportation of the victim 3. Навык оказания первой помощи пострадавшему The skill of providing first aid to the victim
A43: Наличие у работника удостоверения о допуске к работам на высоте на рабочем месте обязательно!
A46: Требования к оформлению наряда-допуска на проведение спасательных работ
A47: Согласно пункту 49 Приказа Минтруда России № 782н от 16.11.2020 в исключительных случаях(предупреждение аварии, устранение угрозы жизни работников, ликвидацияпоследствий аварий и стихийных бедствий) работы на высоте могут начаты без оформления наряда-допуска под руководством работников, назначаемых работодателем ответственными за безопасную организацию и проведение работ на высоте. Если указанные работы выполняются более суток, оформление наряда-допуска должно быть произведено в обязательном порядке. При этом распределение обязанностей в наряде допуске производится согласно представленной ниже таблице: According to paragraph 49 of the Order of the Ministry of Labor of the Russian Federation No. 782n dated 11.16.2020, in exceptional cases (accident prevention, elimination of threats to workers' lives, elimination of the consequences of accidents and natural disasters), work at height can begin without registration of a work permit under the supervision of employees appointed by the employer responsible for the safe organization and conduct of work at height. If the specified work is performed for more than a day, registration of the work permit must be carried out without fail. In this case, the distribution of responsibilities in the admission outfit is carried out according to the table below.:
A65: Функции по наряду-допуску Access control functions | J65: Назначаемое должностное лицо Appointed official | U65: Требования к группе безопасности работ на высоте Requirements for the work safety group at height
A67: Ответственный руководитель работ по наряду-допуску Responsible supervisor of the work on the side-admission | J67: Лицо, назначенное приказом организации, ответственным за безопасную организацию и проведение работ на высоте. The person appointed by the order of the organization responsible for the safe organization and performance of work at height. | U67: 3 группа Group 3
A71: Ответственный исполнитель работ по наряду допуску Responsible contractor for joint admission | J71: Лицо, уполномоченное приказом организации на проведение спасательных мероприятий и исполнению функций ответственного исполнителя работ. The person authorized by the order of the organization to carry out rescue operations and perform the functions of the responsible contractor. | U71: 2 группа Group 2
A75: Члены бригады Members of the brigade | J75: Лица, уполномоченные приказом организации на проведение спасательных мероприятий. Persons authorized by the organization's order to carry out rescue operations. | U75: 2 и 1 группа Groups 2 and 1
A79: Способ коммуникации ответственного исполнителя работ с ответственным руководителем работ и экстренными службами: Телефонная связь The method of communication of the duty officer (supervisor) with the responsible head of work and emergency services: Telephone connection
A87: Ответственный руководитель работ Responsible head of works | H87: номер телефона: phone number:
A90: Медицинская служба: +201070902111 (дежурный, круглосуточно) | H90: Medical service:+201070902111 (duty officer, around the clock)
A94: Ответственный исполнитель сообщает ответственному руководителю работ и экстренным службам следующую информацию: The responsible contractor informs the responsible work manager and the emergency services of the following information:
A100: ФИО, сообщившего о проишествии Full name of the person who reported the incident
A104: Место проишествия (название объекта, отметка, градус, оси) Location of the incident (name of the object, mark, degree, axis)
A108: Характер проишествия The nature of the incident
A110: Количество пострадавших Number of victims
A112: Признаки травм у пострадавшего Signs of injury in the victim
A115: Особенности путей подхода к пострадшему Features of the ways of approach to the victim
A119: Местонахождение пострадавшего Location of the victim
A121: Номер контактного (мобильного телефона) Contact (mobile phone) number
A124: Если нет прямой связи с ответственным руководителем работ и экстенными службами, передать через третье лицо необходимую информацию If there is no direct communication with the responsible work manager and emergency services, provide the necessary information through a third party.
A129: Номер телефона Phone number
A131: Контактное лицо Contact person
... A144: Анкерные устройства и/или анкерные линии (дополнительные или уже используемые, но расчитанные на дополнительную нагрузку): Anchoring devices and/or anchor lines (additional or already used, but designed for additional load):
A150: № п/п | B150: Наименование Name | K150: Описанике Description | W150: Потребность (кол-во, шт.) Replenishment (quantity, pcs.)
A154: 1. | B154: Анкерное устройство "Анкерная петля" Anchor device "Anchor loop" | K154: Переносное анкерное устройство, не требующее монтажа. Применяется для охвата конструкции с целью последующего подсоединения соединительно-амортизирующей подсистемы. Могут быть текстильного исполнения. A portable anchor device that does not require installation. It is used to cover the structure for the purpose of subsequent connection of the coupling and shock-absorbing subsystem. They can be of textile design. | W154: 1
A166: 2. | B166: Привязь (страховочная привязь пострадавшего или дополнительная спасательная привязь : Leash (victim's safety harness or additional rescue harness : | K166: Страховочная привязь предназначена для безопасного распределения нагрузки на тело пользователя во время процесса остановки падения. The safety harness is designed to safely distribute the load on the user's body during the fall stopping process. | W166: 1
A185: 3. | B185: Устройство втягивающего типа Retractor type device | K185: Инерционное блокирующее устройство для организации страховочной системы при работе на высоте. Оптимально подходит для эксплуатации в сложных условиях, в местах, где возможен контакт с агрессивными химическими веществами, при проведении сварочных работ или при использовании обрезного инструмента. Механизм защищен корпусом из композитного противоударного пластика. По мере необходимости трос свободно выдается из устройства и автоматически наматывается обратно. При резком увеличении скорости вытягивания стропы (при срыве) срабатывает функция торможения, прекращающая падение пользователя. Карабин на конце троса имеет вертлюг для предотвращения перекручивания стропы. Индикатор срыва находится на вертлюге. An inertial locking device for organizing a safety system when working at height. It is optimally suited for use in difficult conditions, in places where contact with aggressive chemicals is possible, during welding operations or when using edging tools. The mechanism is protected by a composite shockproof plastic housing. As needed, the cable is freely released from the device and automatically wound back. With a sharp increase in the speed of pulling the sling (in case of a breakdown), the braking function is triggered, stopping the user from falling. The carabiner at the end of the rope has a swivel to prevent twisting of the sling. The stall indicator is located on the swivel. | W185: 1
A224: 4. | B224: Соединительные элементы (карабины) Connecting elements (carabiners) | K224: Открывающееся устройство для соединения компонентов, которое позволяет пользователю присоединять систему, чтобы связать себя прямо или косвенно с анкером. An opening device for connecting components that allows the user to attach the system to connect himself directly or indirectly to the anchor. | W224: 1
A232: 5. | B232: Комплект СИЗ для систем спасения и эвакуации "Сапсан" A set of PPE for rescue and evacuation systems "Sapsan" | K232: Комплект СИЗ для систем спасения и эвакуации САПСАН предназначен для равномерного спуска с постоянной скоростью до 2 м/с. Спуск возможен как самостоятельный, так и с помощью второго человека (спасателя). Применяется при проведении спасательных и эвакуационных работ на предприятиях при срыве и зависании работника. Допускается производить спуск пострадавшего с сопровождающим. The SAPSAN rescue and evacuation PPE kit is designed for uniform descent at a constant speed of up to 2 m/s. The descent is possible both independently and with the help of a second person (lifeguard). It is used during rescue and evacuation operations at enterprises when an employee breaks down and freezes. It is allowed to descend the victim with an accompanying person. | W232: 1
A253: 6. | B253: Подвесная металлическая люлька (кабина) для эвакуации пострадавших. suspended metal cradle (cabin) for evacuation of victims. | K253: *При аварийной транспортировке людей со строительного объекта, которые не в состоянии передвигаться самостоятельно используется подвесная люлька (кабина). *During emergency transportation of people from a construction site who are unable to move independently, a suspended cradle (cabin) is used. | W253: 1
A267: Методика проведения спасательных и эвакуационных работ при производстве работ на высоте двумя работниками The methodology of conducting rescue and evacuation operations in the production of work at height by two employees
A274: При возникновении аварии или несчастного случая при производстве работ на высоте необходимо: In case of an accident or an accident during work at height, it is necessary:
A278: № этапа | E278: Содержание: Content:
A280: 1. | E280: Остановить производство работ на высоте Stop work at height
A282: 2. | E282: Сообщить об аварии ответственному руководителю работ Report the accident to the responsible work manager
A284: 3. | E284: Определить причину аварийной ситуации. При необходимости локализовать данную причину Determine the cause of the emergency. If necessary, localize this cause.
A286: 4. | E286: Провести спасательные и эвакуационные действия To carry out rescue and evacuation actions
A288: Выполнение спасательных работ Performing rescue operations
A290: 5. | E290: Спасатель из числа работников осуществляет подготовку устройства для спасения и эвакуации к работе: открывает баул с устройством, последовательно извлекает устройство для спасения и эвакуации, анкерную петлю, соединительные элементы A rescuer from among the workers prepares the rescue and evacuation device for operation: opens the bag with the device, sequentially removes the rescue and evacuation device, anchor loop, connecting elements
A304: 6. | E304: Спасатель из числа работников устанавливает анкерную петлю на выбранный для этого элемент конструкции (охватывая анкерной петлей элемент конструкции) A rescuer from among the workers installs an anchor loop on the selected structural element (covering the structural element with an anchor loop)
A322: 7. | E322: Спасатель из числа работников устанавливает устройство для спасения и эвакуации на анкерную петлю. Для надежного соединения надлежит применять соединительные элементы (карабины) A rescue worker installs a rescue and evacuation device on an anchor loop. For a reliable connection, connecting elements (carabiners) must be used
A335: 8. | E335: Спасатель полностью выбирает один конец каната устройства для спасения и эвакуации The rescuer completely selects one end of the rope of the device for rescue and evacuation Необходимо: Necessary: 1.Проверить канат на отсутствие петель и узлов 1.Check the rope for loops and knots. 2. Убедиться в том, что канат имеет достаточную длинну для спуска в безопасную зону. 2. Make sure that the rope is long enough to descend into a safe area. 3. Убедиться в отсутствии по пути следования острых кромок (при перегибе каната), посторонних предметов, с которыми может столкнуться пострадавший 3. Make sure that there are no sharp edges along the route (when bending the rope), foreign objects that the victim may encounter.
A351: 9. | E351: Спасатель фиксирует карабин каната эвакуационного устройства за элемент (А) страховочной привязи пострадавшего, замуфтовывает соединительный элемент (карабин). The rescuer installs the carbine of the rope of the evacuation device for the element (A) of the safety harness of the victim, hooks the connecting element (carbine).
A374: 10. | E374: Спасатель выбирает свободное провисание каната устройства для спасения до рабочего положения. The rescuer selects the free slack of the rope of the rescue device to the working position.
A378: 11. | E378: Спасатель производит подъем пострадавшего при помощи эвакуационного устройства до полной разблокировки стропа пострадавшего в следующей последовательности: The rescuer lifts the victim using an evacuation device until the sling of the victim is fully unlocked in the following sequence: 1. Спасатель вращает колесо устройства САПСАН в сторону каната к которому закреплен пострадавший. 1. The rescuer turns the wheel of the SAPSAN device towards the rope to which the victim is attached. 2.Спасатель прекращает вращение колеса устройства САПСАН только когда строп, на которм завис пострадавший, перестал быть под нагрузкой (возможно его свободное отссоединение от точки крепления) 2. The rescuer stops the rotation of the SAPSAN device wheel only when the sling on which the victim is hanging is no longer under load (it may be loosened from the attachment point)
A406: 12. | E406: Спасатель блокирует эвакуационное устройство проводя свободный конец каната устройства САПСАН (который не нагружен весом пострадавшего) провести через элементы трения устройства (рожки) и нижний элемент блокировки каната (тормозной желоб расположен внизу устройства САПСАН) согласно представленной схеме The rescuer blocks the evacuation device by guiding the free end of the rope of the SAPSAN device (which is not loaded with the victim's weight) through the friction elements of the device (horns) and the lower element of the rope lock (the brake chute is located at the bottom of the SAPSAN device) according to the presented scheme
A428: 13. | E428: Отсоединяет карабин стропа на котором произошло зависание пострадавшего от элемента (А) страховочной привязи пострадавшего. Detaches the carabiner of the sling on which the victim was suspended from the element (A) of the victim's safety harness.
A430: 14. | E430: Спасатель разблокирует эвакуационное устройство соблюдая инструкцию производителя и производит контролируемый спуск пострадавшего до нулевой отметки. The rescuer unlocks the evacuation device following the manufacturer's instructions and makes a controlled descent of the victim to zero.
A450: 15. | E450: Принимающие усаживают пострадавшего на корточки, затем переводят его в сидячее положение, расстегивают страховочную привязь. The hosts squat the victim down, then move him to a sitting position, unfasten the safety harness.
A454: 16. | E454: Члены бригады выводят (транспортируют) пострадавшего в безопасное место. The crew members take (transport) the victim to a safe place, according to the evacuation plan located at the markers of this facility.
... A459: 16.2. | E459: Члены бригады оказывают первую помощь пострадавшему, передают пострадавшего медицинскому персоналу. Members of the brigade provide first aid to the victim, transfer the victim to medical personnel.
A463: Методика самостоятельной эвакуации Self-evacuation procedure
A465: Подготовка к выполнению спасательных работ Preparation for rescue operations
A467: № этапа | E467: Содержание: Content:
A469: 1. | E469: Остановить производство работ на высоте Stop work at height
A471: 2. | E471: Сообщить об аварии ответственному руководителю работ Report the accident to the responsible work manager
A473: 3. | E473: Определить причину аварийной ситуации. При необходимости локализовать данную причину Determine the cause of the emergency. If necessary, localize this cause.
A476: 4. | E476: Провести спасательные и эвакуационные действия To carry out rescue and evacuation actions
A478: Выполнение спасательных работ Performing rescue operations
A480: 5. | E480: Работник осуществляет подготовку устройства для спасения и эвакуации к работе: открывает баул с устройством, последовательно извлекает устройство для спасения и эвакуации, анкерную петлю, соединительные элементы The employee prepares the rescue and evacuation device for work: opens the bag with the device, sequentially removes the rescue and evacuation device., anchor loop, connecting elements
A494: 6. | E494: Работник устанавливает анкерную петлю на выбранный для этого элемент конструкции (охватывая анкерной петлей элемент конструкции) An employee installs an anchor loop on the structural element intended for this purpose (covering the structural element with an anchor loop)
A512: 7. | E512: Работник устанавливает устройство для спасения и эвакуации на анкерную петлю. Для надежного соединения надлежит применять соединительные элементы (карабины) An employee installs a rescue and evacuation device on an anchor loop. For a reliable connection, connecting elements (carabiners) must be used
A530: 8. | E530: Работник полностью выбирает один конец каната устройства для спасения и эвакуации The worker completely selects one end of the rope of the device for rescue and evacuation Необходимо: Necessary: 1.Проверить канат на отсутствие петель и узлов 1.Check the rope for loops and knots. 2. Убедиться в том, что канат имеет достаточную длинну для спуска в безопасную зону. 2. Make sure that the rope is long enough to descend into a safe area. 3. Убедиться в отсутствии по пути следования острых кромок (при перегибе каната), посторонних предметов, с которыми может столкнуться пострадавший 3. Make sure that there are no sharp edges along the route (when bending the rope), foreign objects that the victim may encounter.
A545: 9. | E545: Работник фиксирует карбин каната эвакуационного устройства за элемент (А) страховочной привязи пострадавшего, замуфтовывает соединительный элемент (карабин). The worker installs the carbine of the rope of the evacuation device for the element (A) of the safety harness of the victim, hooks the connecting element (carabiner).bine).
A570: 10. | E570: Работник выбирает свободное провисание каната устройства для спасения до рабочего положения. The employee chooses the free slack of the rope of the rescue device to the working position.
A573: 11. | E573: Работник производит подъем пострадавшего при помощи эвакуационного устройства до полной разблокировки стропа пострадавшего в следующей последвательности: The rescuer lifts the victim using an evacuation device until the sling of the victim is fully unlocked in the following sequence: 1. Работник вращает колесо устройства САПСАН в сторону каната к которому закреплен пострадавший. 1. The rescuer turns the wheel of the SAPSAN device towards the rope to which the victim is attached. 2.Работник прекращает вращения колеса САПСАН только когда строп, на которм завис пострадавший, перестал быть под нагрузкой (возможно его свободное отссоединение от точки крепления) 2. The rescuer stops scrolling only when the sling on which the victim is hanging is no longer under load (it may be loosened from the attachment point)
A601: 12. | E601: Работник блокирует эвакуационное устройство проводя свободный конец каната устройства САПСАН (который не нагружен весом пострадавшего) провести через элементы трения устройства (рожки) и нижний элемент блокировки каната (тормозной желоб расположен внизу устройства САПСАН) согласно представленной схеме The rescuer blocks the evacuation device by guiding the free end of the rope of the SAPSAN device (which is not loaded with the victim's weight) through the friction elements of the device (horns) and the lower element of the rope lock (the brake chute is located at the bottom of the SAPSAN device) according to the presented scheme
A624: 13. | E624: Отсоединяет карабин стропа на котором произошло зависание пострадавшего от элемента (А) страховочной привязи пострадавшего. Detaches the carabiner of the sling on which the victim was suspended from the element (A) of the victim's safety harness.
A628: 14. | E628: Работник разблокирует эвакуационное устройство соблюдая инструкцию производителя и производит контролируемый спуск пострадавшего до нулевой отметки. The rescuer unlocks the evacuation device following the manufacturer's instructions and makes a controlled descent of the victim to zero.
A653: 15. | E653: Принимающие усаживают пострадавшего на корточки, затем переводят его в сидячее положение, расстегивают страховочную привязь. The hosts squat the victim down, then move him to a sitting position, unfasten the safety harness.
A657: 16. | E657: Члены бригады выводят (транспортируют) пострадавшего в безопасное место. The crew members take (transport) the victim to a safe place, according to the evacuation plan located at the markers of this facility.
... A662: 16.2. | E662: Члены бригады оказывают первую помощь пострадавшему, передают пострадавшего медицинскому персоналу. Members of the brigade provide first aid to the victim, transfer the victim to medical personnel.

Sheet Приложение № 1
A1: Приложение № 1 к Плану мероприятий при аварийной ситуации и при проведении спасательных работ при работах на высоте
A9: Порядок необходимых действий по оказанию первой помощи пострадавшим
A16: 1. Действия по оценке обстановки и обеспечению безопасных условий для оказания первой помощи пострадавшим при несчастных случаях: - определить угрожающие факторы для собственной жизни и здоровья; - определить угрожающие факторы для жизни и здоровья пострадавшего; - устранить угрожающие факторы для жизни и здоровья; - прекратить действие травмирующих факторов на пострадавшего; - определить число пострадавших; - вытащить потрадавшего из труднодоступных мест; -переместить пострадавшего в безопасное место. 1. Actions to assess the situation and ensure safe conditions for first aid to victims of accidents: - identify threatening factors for your own life and health; - identify threatening factors for the life and health of the victim; - eliminate life- and health-threatening factors; - stop the effect of traumatic factors on the victim; - determine the number of victims; - get the victim out of hard-to-reach places; -move the victim to a safe place. 2. Вызвать скорую помощь 2. Call an ambulance 3. Определить наличие сознания у пострадавшего. 3. Determine the presence of consciousness in the victim. 4. Действия по восстановлению дыхательных путей и выявлению признаков жизни у пострадавшего: - запрокинуть голову с подъемом подбородка; - выдвинуть нижнюю челюсть; - установить присутствие дыхания при помощи слуха, зрения и осязания; - определить наличие кровообращения, проверить пульс на магистральных артериях. 4. Actions to restore the respiratory tract and identify signs of life in the victim: - tilt your head back with a lift of the chin; - extend the lower jaw; - establish the presence of breathing using hearing, sight and touch; - determine the presence of blood circulation, check the pulse on the main arteries; 5. Действия по выполнению сердечно-легочной реанимации до появления признаков жизни: - давление руками на нгрудину пострадавшего; - искуственное дыхание "рот в рот"; - искуственное дыхание "рот к носу"; - искуственное дыхание с применением устройства для искуственного дыхания. 5. Actions to perform cardiopulmonary resuscitation before the appearance of signs of life: - hand pressure on the victim's chest; - mouth-to-mouth artificial respiration; - mouth-to-nose artificial respiration; - artificial respiration using an artificial respiration device. 6. Действия по поддержаниюпроходимости дыхательных путей: - придать устойчивое боковое положение; - запрокинуть голову, подняв подбородок; -выдвинуть нижнюю челюсть. 6. Actions to maintain airway permeability: - to give a stable lateral position; - tilt your head back, lifting your chin; - extend the lower jaw. 7. Действия по общему осмотру пострадавшего и временной остановке внешненго кровотечения: - провести общий осмотр пострадавшего на присутствие кровотечений; - провести пальцевое прижатие артерии; - наложить жгут; - максимально согнуть конечность в суставе; - прямо надовить на рану; - наложить давящую повязку. 7. Actions for general examination of the victim and temporary stopping of external bleeding: - conduct a general examination of the victim for the presence of bleeding; - perform finger compression of the artery; - apply a tourniquet; - bend the limb at the joint as much as possible; - directly put pressure on the wound; - apply a pressure bandage. 8. Действия поподробному осмотру пострадавшего с целью выявления признаков травм, отравлений и иных состояний, представляющих угрозу жизни и здоровью и по оказанию первой медицинской помощи при выявлении прерчисленных состояний: - осмотреть голову; - осмотреть шею и грудь; - осмотреть спину живот и таз; -осмотреть конечности; - наложить повязки при травмах различных областей тела, в том числе герметизирующей, при ранении грудной клетки; - проведение имобилизации ( с помощью подручных средств, аутоимобилизация, с использованием изделий медицинского назначения); - фиксация шейного отдела позвоночника (вручную, подручными средствами, с использованием изделий медицинского назначения); - прекращение воздействия опасных химических веществ на пострадавшего (промывание желудка путем приема воды и вызывания рвоты, удаление с поврежденной поверхности проточной водой); - местное охлаждение при травмах, термических ожогах и иных воздействиях высоких температур или теплового излучения; - термоизоляция при отморожениях и других эффектах воздействия температур. 8. Actions for a detailed examination of the victim in order to identify signs of injuries, poisoning and other conditions that pose a threat to life and health, and to provide first aid when identifying the listed conditions.: - examine the head; - examine the neck and chest; - examine your back, stomach and pelvis; - examine the limbs; - apply bandages for injuries to various areas of the body, including the sealing area, for chest wounds; - carrying out immobilization (using improvised means, auto-immobilization, using medical devices); - fixation of the cervical spine (manually, by improvised means, using medical devices); - cessation of exposure to dangerous chemicals on the victim (gastric lavage by ingestion of water and vomiting, removal from the damaged surface with running water); - local cooling in case of injuries, thermal burns and other effects of high temperatures or thermal radiation; - thermal insulation in case of frostbite and other effects of exposure to temperatures. 9. Придать пострадавшему оптимального положения тела. 9. Give the victim an optimal body position. 10. Контроль состояния пострадавшего (сознание, дыхание, кровообращение) и оказание психологической поддержки. 10. Monitoring the condition of the victim (consciousness, breathing, blood circulation) and providing psychological support. 11. Передача пострадавшего бригаде скорой медицинской помощи. 11. Transfer of the victim to the ambulance team.

Sheet ЛО ПСЭР
G1: Лист ознакомления работников с Планом спасения и эвакуации при производстве работ на высоте | U1: Наряд № PTW № | Y1: -
A6: Наименование организации: Contractor: | I6: ='[1]Наряд на РПО'!G6 -> Филиал Общества с ограниченной ответственностью «Трест Росспецэнергомонтаж» Египет, г. Каир Branch office of "Trest RosSEM" LLC, Cairo, Egypt
A10: Подписи работников Signatures of workers
A13: № п/п | B13: Наименование организации: Contractor: | F13: Ф.И.О. Full name | L13: Подпись Signature | O13: № п/п | P13: Наименование организации: Contractor: | T13: Ф.И.О. Full name | Z13: Подпись Signature
A18: 1 | B18: Trest RosSEM | O18: 19 | P18: Trest RosSEM
A19: 2 | B19: Trest RosSEM | O19: 20 | P19: Trest RosSEM
A20: 3 | B20: Trest RosSEM | O20: 21 | P20: Trest RosSEM
A21: 4 | B21: Trest RosSEM | O21: 22 | P21: Trest RosSEM
A22: 5 | B22: Trest RosSEM | O22: 23 | P22: Trest RosSEM
A23: 6 | B23: Trest RosSEM | O23: 24 | P23: Trest RosSEM
A24: 7 | B24: Trest RosSEM | O24: 25 | P24: Trest RosSEM
A25: 8 | B25: Trest RosSEM | O25: 26 | P25: Trest RosSEM
A26: 9 | B26: Trest RosSEM | O26: 27 | P26: Trest RosSEM
A27: 10 | B27: Trest RosSEM | O27: 28 | P27: Trest RosSEM
A28: 11 | B28: Trest RosSEM | O28: 29 | P28: Trest RosSEM
A29: 12 | B29: Trest RosSEM | O29: 30 | P29: Trest RosSEM
... A35: 18 | B35: Trest RosSEM | O35: 36 | P35: Trest RosSEM
A36: Организатор собрания: Meeting organizer: | F36: ='Наряд на РПО'!V12 -> Foreman | L36: ='Наряд на РПО'!I12 -> Pavlov V.E.
F42: __________________ (должность/position) | L42: __________________ (Ф.И.О./full name) | T42: __________________ (Подпись/ Signature)

Sheet Огневой
E1: Проект АЭС «Эль-Дабаа» | H1: Наряд-допуск на проведение огневых работ Permit to work for hot works
A4: Наряд-допуск №: Permit to work №: | I4: Дата выдачи: Issue date: | M4: ='Наряд на РПО'!E8 -> 46316 | Q4: К наряд-допуску №: To the permit to work №:
A6: Дата и время начала работ: Date and time of the start of work: | I6: ='Наряд на РПО'!E8 -> 46316 | L6: ='Наряд на РПО'!N8 -> 0.29166667 | N6: Дата и время окончания работ: Date and time of completion of the work: | W6: ='Наряд на РПО'!E8 -> 46316 | Y6: ='Наряд на РПО'!N10 -> 0.70833333
A8: Наряд допуск выдал: Permit to work issued by: | G8: ='Наряд на РПО'!K213 -> Alferov A.V. | M8: _____________ (подпись / signature) | P8: Должность: Position: | T8: ='Наряд на РПО'!D213 -> Temporary the head of the site
A10: Описание работ: Description of the work: | G10: Резка металла,бетона УШМ, шлифовка металла и бетона.Cutting of metal, grinding metal, welding works and concrete.
A12: Место проведения работ: Place of work: | G12: ='Наряд на РПО'!H20 -> 10UJA from elev. -0.100/ +6.800
A14: Лицо ответственное за подготовку огневых работ (Ф.И.О.): The person responsible for preparation of hot works (full name): | O14: ='Наряд на РПО'!I12 -> Pavlov V.E. | R14: __________ ( signature) | T14: Должность: Position: | W14: ='Наряд на РПО'!V12 -> Foreman
A16: Лицо ответственное за проведение огневых работ (Ф.И.О.): The person responsible for carrying out hot works (full name): | R16: __________ ( signature) | T16: Должность: Position:
A18: Наряд-допуск зарегистрирован: The prmit order is registered by: | I18: Специалист по ОТ (Ф.И.О., подпись) HSE (Full name, signature) | V18: Дата: Date: | X18: ='Наряд на РПО'!E8 -> 46316
A20: Согласовано со структурными подразделениями объекта, на котором будут производиться огневые работы: Agreed with the structural departments of the facility where the hot work will be carried out:
A22: Наименование структурного подразделения: Name of the structural unit: | K22: MU-12
A24: Руководитель подразделения (Ф.И.О.): Head of the unit (full name): | O24: Подпись: Signature: | V24: Дата: Date: | X24: ='Наряд на РПО'!E8 -> 46316
A26: 1. | B26: Исполнители огневых работ: Performers of hot work:
A28: № п/п Item no. | B28: Состав бригады исполнителей огневых работ, инициалы и фамилия The composition of the work team performers of hot works, initials and surname | J28: Профессия рабочего The profession of the worker | Q28: Целевой противопожарный инструктаж Targeted fire prevention briefing
Q30: Провел Conducted | V30: Получил Passed
Q32: (подпись лица, проводившего инструктаж) (signature of the person conducting the briefing) | V32: (подписи исполнителей огневых работ) (signatures of performers hot work)
A36: 1
A38: 2
A40: 3
A42: 4
A44: 5
A46: 6
A48: 7
A50: 8
A52: 9
A54: 10
A56: 11
A58: 12
... A104: 35
A106: 2. | B106: До начала производства работ необходимо выполнить следующие отмеченные мероприятия Before the start of work, the following noted activities shall be performed
A108: Отметка Mark | C108: Мероприятия Activities | G108: Отметка Mark | I108: Мероприятия Activities | O108: Отметка Mark | Q108: Мероприятия Activities | U108: Отметка Mark | W108: Мероприятия Activities
C110: Проведение целевого инструктажа Conducting targeted briefing | I110: Установка вентиляции в помещении Installation of ventilation in the room | Q110: Закрепление и защита баллонов Securing and protecting cylinders | W110: Анализ воздушной среды Analysis of the air environment
C115: Наличие средств пожаротушения (2 огнетушителя и противопожарное полотно) Availability of fire extinguishers equipment (2 fire extinguishers and a fire protection cloth) | I115: Конструкции строительных лесов/подмостей выполнены из негорючих материалов/выполнена пропитка огнезащитным составом Scaffolding structures/the scaffolding is made of non-flammable materials/impregnated with a flame retardant | Q115: Наличие исправных манометров на газовых баллонах Availability of serviceable pressure gauges on gas cylinders | W115: Исключено падение раскаленных частиц металла на нижние отметки здания Dropping of incandescent metal particles on the building is excluded
C124: Очистка зоны мест проведения огневых работ от горючих материалов Cleaning of the aria of hot works from combustible materials | I124: Установка защитных щитов (экранов) от разлета раскаленных частиц металла/в местах массового прохода работников Installation of protective shields (screens) from the spread of incandescent metal particles/in places of mass passage of workers | Q124: Инспекция шлангов и их защита Hose inspection and protection | W124: Ограждение зоны мест проведения огневых работ Fencing the zone of hot work sites
C132: Отсутствие совмещеных работ по производству окрасочных работ The absence of combined works on the execution of painting works | I132: Строп СИЗ от падения с высоты выполнен из несгораемых материалов The sling of the PPE from falling from a height is made of fireproof materials | Q132: Заземление оборудования Grounding of equipment | W132: Другое (При необходимости дописать) Other (add if necessary)
A139: 3. | B139: Мероприятия по безопасности при проведении работ Safety measures during the work
A141: № п/п | B141: Мероприятия Activities
A143: 1 | B143: Осмотреть и подготовить рабочее место, убрать все лишние предметы, не загромождая при этом проходов и обеспечить отсутствие легковоспламеняющихся и горючих материалов в радиусе, указанном в таблице: Inspection and prepare the workplace, remove all extra objects without blocking the passages and ensure the absence of flammable and combustible materials in the radius indicated in the table:
C147: Высота точки сварки (резки) над уровнем пола (земли), м The height of the welding (cutting) point above the floor (ground) level, m | O147: Минимальное расстояние разлёта искр, м Minimum distance of sparks, m
O149: при сварке when welding | T149: при резке when cutting
C151: 0 | O151: 4 | T151: 6
C152: 2 | O152: 6 | T152: 8
C153: 5 | O153: 8 | T153: 10
C154: 7 | O154: 10 | T154: 12
C155: 10 | O155: 12 | T155: 14
A157: 2 | B157: Обеспечить наличие исправных первичных средств пожаротушения на рабочем месте! Ensure the availability of serviceable primary fire extinguishing equipment at the workplace!
A159: 3 | B159: Перед началом проведения огневых работ в замкнутом пространстве произвести отбор и анализ проб воздушной среды при открытии, продлении (не реже чем каждые 4 часа), а также при перерыве в работе более 30 минут в присутствии руководителя работ. Before starting hot works in a confined space, take and analyze air samples when opening, extending (at least every 4 hours), as well as when there is a break in work for more than 30 minutes in the presence of the head of work.
A164: 4 | B164: Обеспечить ограждение мест проведения работ. Provide fencing of work sites.
A166: 5 | B166: Обеспечить безопасные проходы к рабочим местам. Запрещается загромождать проходы предназаначенные для эвакуации работников с рабочих мест. Ensure safe access to workplaces. It is forbidden to clutter the passages intended for the evacuation of workers from their workplaces.
A169: 6 | B169: Обеспечить защиту баллонов с газами от воздействия ультрафиолетовых лучей! Ensure that gas cylinders are protected from uv rays!
A171: 7 | B171: При перерыве в работе более 10 мин аппаратура должна быть отключена, а шланги отсоединены и освобождены от горючих жидкостей и газов. If there is a break in operation for more than 10 minuts, the equipment shall be turned off, and the hoses disconnected and freed from flammable liquids and gases.
A175: 8 | B175: Огневые работы должны быть немедленно приостановлены при обнаружении несоблюдении мер безопасности, предусмотренных нарядом-допуском, а также при возникновении опасной ситуации, при возникновении аварийной ситуации все огневые работы должны быть незамедлительно прекращены. Firing operations shall be immediately suspend if non-compliance with the safety measures provided for by the permit to work is detectid, as well as in the event of a dagerous situation, in the event of an emergency, all firing operations shall be stopped immediately.
A180: 9 | B180: Иметь при себе квалификационное удостоверение. Have a qualification certificate at hand.
A182: 10 | B182: После работ закрыть вентиль баллона и снизитьт давление в редукторе. After work, close the cylinder valve and reduce the pressure in the gearbox.
A184: 11 | B184: После окончания огневых работ проконтролировать место проведения работ на отсутствие очагов возгорания, убрать рабочие места. After the end of the hot works, check the place of work for the absence of fires, remove workplaces.
A187: 4. | B187: Продление наряд-допуска: Extension of permit to work:
A189: № п/п Item no. | B189: Дата Date | E189: Наряд-допуск продлён. Бригада получила целевой инструктаж и допущена на подготовленное рабочее место Permissions have been extended. The team received target instructions and was allowed to the prepared workplace
E191: Время Time | I191: Лицо, выдающее наряд-допуск (фамилия, инициалы) The person issuing the permit to work (last name, initials) | O191: Подпись Signature | R191: Лицо, ответственное за подготовку (фамилия, инициалы) Person responsible for preparation (last name, initials) | X191: Подпись Signature
E193: с from | G193: по to
A195: 1 | B195: ='Наряд на РПО'!E8+1 -> 46317 | E195: ='Наряд на РПО'!N8 -> 0.29166667 | G195: ='Наряд на РПО'!N10 -> 0.70833333 | I195: ='Наряд на РПО'!K213 -> Alferov A.V. | R195: ='Наряд на РПО'!I12 -> Pavlov V.E.
A197: 2 | B197: =B195+1 -> 46318 | E197: ='Наряд на РПО'!N8 -> 0.29166667 | G197: ='Наряд на РПО'!N10 -> 0.70833333 | I197: ='Наряд на РПО'!K213 -> Alferov A.V. | R197: ='Наряд на РПО'!I12 -> Pavlov V.E.
A199: 3 | B199: =B195+2 -> 46319 | E199: ='Наряд на РПО'!N8 -> 0.29166667 | G199: ='Наряд на РПО'!N10 -> 0.70833333 | I199: ='Наряд на РПО'!K213 -> Alferov A.V. | R199: ='Наряд на РПО'!I12 -> Pavlov V.E.
A201: 4 | B201: =B195+3 -> 46320 | E201: ='Наряд на РПО'!N8 -> 0.29166667 | G201: ='Наряд на РПО'!N10 -> 0.70833333 | I201: ='Наряд на РПО'!K213 -> Alferov A.V. | R201: ='Наряд на РПО'!I12 -> Pavlov V.E.
A203: 5 | B203: =B195+4 -> 46321 | E203: ='Наряд на РПО'!N8 -> 0.29166667 | G203: ='Наряд на РПО'!N10 -> 0.70833333 | I203: ='Наряд на РПО'!K213 -> Alferov A.V. | R203: ='Наряд на РПО'!I12 -> Pavlov V.E.
A205: 6 | B205: =B195+5 -> 46322 | E205: ='Наряд на РПО'!N8 -> 0.29166667 | G205: ='Наряд на РПО'!N10 -> 0.70833333 | I205: ='Наряд на РПО'!K213 -> Alferov A.V. | R205: ='Наряд на РПО'!I12 -> Pavlov V.E.
A207: 7 | B207: =B195+6 -> 46323 | E207: ='Наряд на РПО'!N8 -> 0.29166667 | G207: ='Наряд на РПО'!N10 -> 0.70833333 | I207: ='Наряд на РПО'!K213 -> Alferov A.V. | R207: ='Наряд на РПО'!I12 -> Pavlov V.E.
A209: 8 | B209: =B195+7 -> 46324 | E209: ='Наряд на РПО'!N8 -> 0.29166667 | G209: ='Наряд на РПО'!N10 -> 0.70833333 | I209: ='Наряд на РПО'!K213 -> Alferov A.V. | R209: ='Наряд на РПО'!I12 -> Pavlov V.E.
A211: 9 | B211: =B195+8 -> 46325 | E211: ='Наряд на РПО'!N8 -> 0.29166667 | G211: ='Наряд на РПО'!N10 -> 0.70833333 | I211: ='Наряд на РПО'!K213 -> Alferov A.V. | R211: ='Наряд на РПО'!I12 -> Pavlov V.E.
A213: 10 | B213: =B195+9 -> 46326 | E213: ='Наряд на РПО'!N8 -> 0.29166667 | G213: ='Наряд на РПО'!N10 -> 0.70833333 | I213: ='Наряд на РПО'!K213 -> Alferov A.V. | R213: ='Наряд на РПО'!I12 -> Pavlov V.E.
A215: 11 | B215: =B195+10 -> 46327 | E215: ='Наряд на РПО'!N8 -> 0.29166667 | G215: ='Наряд на РПО'!N10 -> 0.70833333 | I215: ='Наряд на РПО'!K213 -> Alferov A.V. | R215: ='Наряд на РПО'!I12 -> Pavlov V.E.
A217: 12 | B217: =B195+11 -> 46328 | E217: ='Наряд на РПО'!N8 -> 0.29166667 | G217: ='Наряд на РПО'!N10 -> 0.70833333 | I217: ='Наряд на РПО'!K213 -> Alferov A.V. | R217: ='Наряд на РПО'!I12 -> Pavlov V.E.
A219: 13 | B219: =B195+12 -> 46329 | E219: ='Наряд на РПО'!N8 -> 0.29166667 | G219: ='Наряд на РПО'!N10 -> 0.70833333 | I219: ='Наряд на РПО'!K213 -> Alferov A.V. | R219: ='Наряд на РПО'!I12 -> Pavlov V.E.
A221: 14 | B221: =B195+13 -> 46330 | E221: ='Наряд на РПО'!N8 -> 0.29166667 | G221: ='Наряд на РПО'!N10 -> 0.70833333 | I221: ='Наряд на РПО'!K213 -> Alferov A.V. | R221: ='Наряд на РПО'!I12 -> Pavlov V.E.
A223: 5. | B223: Анализ воздушной среды перед началом и в период проведения огневых работ: Analysis of the air environment before and during the firing operations:
A225: № п/п | B225: Дата и время отбора проб Date and time of sampling | E225: Место отбора проб Sampling location | H225: Определяемые компоненты (вещества) Detected components (substances) | M225: Допустимая концентрация Permissible concentration | P225: Результаты анализа The results of the analysis | S225: Должность служащего (профессия рабочего), подпись, инициалы и фамилия лица, проводившего анализ The position of the employee (the profession of the worker), signature, initials and surname of the person who conducted the analysis
A233: 6. | B233: Изменение в составе бригады исполнителей огневых работ: Change in the composition of the work team:
A235: № п/п Item no. | B235: Выведены из состава бригады исполнителей огневых работ Withdrawn from the hot works team | K235: Введены в состав бригады исполнителей огневых работ Were introduced into the hot works team | S235: Целевой противопожарный инструктаж Targeted fire safety briefing
S237: Провел Conducted by | W237: Получил Passed by
S239: подпись лица, проводившего инструктаж signature of the person conducting the instruction | W239: подписи исполнителей огневых работ employeers signatures hot work
B240: профессия рабочего worker's profession | E240: инициалы и фамилия initials and surname | H240: дата и время date and time | K240: профессия рабочего worker's profession | N240: инициалы и фамилия initials and surname | Q240: дата и время date and time
A243: 1
A245: 2
A247: 3
A249: 4
A251: 5
A253: 6
A255: 7
A257: 8
A259: 9
A261: 10
A263: 11
A265: 12
... A275: 17
A277: 7. | B277: Работа выполнена в полном объеме, инструмент и материалы убраны, люди выведены, наряд-допуск закрыт. The work has been completed in full, tools and materials have been removed, people have been removed, the permit to work is closed.
A280: Дата Date | D280: Время Time | G280: Лицо выдающее наряд-допуск The person issuing the permit to work | Q280: Ответственный за подготовку огневых работ Responsible for the preparation of hot work
G282: Фамилия инициалы Last name initials | N282: Подпись Signature | Q282: Фамилия инициалы Last name initials | X282: Подпись Signature
G284: ='Наряд на РПО'!K213 -> Alferov A.V. | Q284: ='Наряд на РПО'!I12 -> Pavlov V.E.
